query	D-G-D	GDD	gate
1hhs_A	D-G-D	SDD	D
1khv_A	D-G-D	GDD	D
1n1h_A	D-G-D	GDD	D
1ra6_A	D-G-D	GDD	D
2ajq_A	D-G-D	HDE	E
2ckw_A	D-G-D	GDD	D
2gv9_A	D-G-D	TDS	Y
2r70_A	D-G-D	ADN	E
2r7o_A	D-G-D	GDD	D
2xhw_A	D-G-D	GDD	D
3du5_A	D-G-D	VDD	Y
3jb7_A	D-G-D	GDD	D
3mmp_G	D-G-D	GDD	S
3vws_A	D-G-D	GDD	D
4gzk_A	D-G-D	GDD	D
4nru_A	D-G-D	GDD	D
4nz0_A	D-G-D	GDD	D
4wrt_B	D-G-D	SDD	N
4xha_A	D-G-D	GDD	D
5amq_A	D-G-D	SDD	S
5i61_B	D-G-D	GDD	D
5jxs_A	D-G-D	GDD	D
6ar3_D	D-G-D	ADD	F
6f5p_B	D-G-D	SDD	N
6kld_A	D-G-D	SDD	G
6l42_A	D-G-D	SDD	N
6nur_A	D-G-D	SDD	D
6po2_A	D-G-D	GDD	D
6pzk_A	D-G-D	GDN	N
6qwt_A	D-G-D	GDD	D
6ueb_A	D-G-D	GDN	N
6v86_A	D-G-D	GDN	C
7eei_A	D-G-D	SDD	N
7ekj_A	D-G-D	GDD	D
7f0s_A	D-G-D	GDD	D
