query	db	dbinfo	start	end	seq
5amq_A	rce_motif	F1_seq	942	951	KFYFTFFNKG
5amq_A	rce_motif	F2_seq	956	964	KDREIFVGE
5amq_A	rce_motif	A_seq	1055	1068	MEINADMSKWSAQD
5amq_A	rce_motif	B_seq	1145	1164	QGNFNYTSSYVHSCAMSVYK
5amq_A	rce_motif	C_seq	1182	1195	SLVHSDDNQTSITI
5amq_A	rce_motif	D_seq	1214	1224	ERACLTFGCQA
5amq_A	rce_motif	E_seq	1237	1244	EFVSLFNL
7f0s_A	rce_motif	A_seq	257	270	AVLETDIASFDKSQ
7f0s_A	rce_motif	B_seq	321	340	SGMFLTLFVNTLLNIVIACR
7f0s_A	rce_motif	C_seq	352	365	AAFIGDDNIVHGVR
7f0s_A	rce_motif	D_seq	372	382	ERCASWVNMEV
7f0s_A	rce_motif	E_seq	395	402	YFCGGFIL
1ra6_A	rce_motif	F1_seq	151	160	NLPLVTYVKD
1ra6_A	rce_motif	F2_seq	172	180	KSRLIEASS
1ra6_A	rce_motif	A_seq	228	241	KLFAFDYTGYDASL
1ra6_A	rce_motif	B_seq	288	307	SGCSGTSIFNSMINNLIIRT
1ra6_A	rce_motif	C_seq	323	336	MIAYGDDVIASYPH
1ra6_A	rce_motif	D_seq	344	354	AQSGKDYGLTM
1ra6_A	rce_motif	E_seq	372	379	TFLKRFFR
7ekj_A	rce_motif	F1_seq	165	174	KYYETAIPKN
7ekj_A	rce_motif	F2_seq	194	202	PRVIQYPEA
7ekj_A	rce_motif	A_seq	250	263	VAVSFDTKAWDTQV
7ekj_A	rce_motif	B_seq	315	334	SGQPDTSAGNSMLNVLTMVY
7ekj_A	rce_motif	C_seq	353	366	IHVCGDDGFLITER
7ekj_A	rce_motif	D_seq	377	387	VQILYEAGKPQ
7ekj_A	rce_motif	E_seq	405	412	EFCSHTPI
2ckw_A	rce_motif	F1_seq	159	168	RNAYKLALKD
2ckw_A	rce_motif	F2_seq	180	188	KRRLLWGCD
2ckw_A	rce_motif	A_seq	237	250	VLYCLDYSKWDSTQ
2ckw_A	rce_motif	B_seq	300	319	SGMPFTSVVNSINHMIYVAA
2ckw_A	rce_motif	C_seq	342	355	IHTYGDDCMYSVCP
2ckw_A	rce_motif	D_seq	365	375	LANLTSYGLKP
2ckw_A	rce_motif	E_seq	391	398	VFLKRTFT
3mmp_G	rce_motif	F1_seq	204	213	SPFNKAVTVP
3mmp_G	rce_motif	F2_seq	218	226	TDRCIAIEP
3mmp_G	rce_motif	A_seq	269	282	NLATVDLSAASDSI
3mmp_G	rce_motif	B_seq	323	342	MGNGYTFELESLIFASLARS
3mmp_G	rce_motif	C_seq	354	367	VTVYGDDIILPSCA
3mmp_G	rce_motif	D_seq	372	382	REVFKYVGFTT
3mmp_G	rce_motif	E_seq	395	402	ESCGKHYY
5jxs_A	rce_motif	F1_seq	156	165	KFACQTFLKD
5jxs_A	rce_motif	F2_seq	177	185	KTRIVDVLP
5jxs_A	rce_motif	A_seq	235	248	NVWDVDYSAFDANH
5jxs_A	rce_motif	B_seq	298	317	SGCSATSIINTILNNIYVLY
5jxs_A	rce_motif	C_seq	333	346	MISYGDDIVVASDY
5jxs_A	rce_motif	D_seq	354	364	KPHFKSLGQTI
5jxs_A	rce_motif	E_seq	384	391	TFLKRHFH
6qwt_A	rce_motif	F1_seq	150	159	DYFYTTFLKD
6qwt_A	rce_motif	F2_seq	171	179	KTRLIEAAP
6qwt_A	rce_motif	A_seq	228	241	EVWALDYSNFDSTI
6qwt_A	rce_motif	B_seq	298	317	VGTSILNSMVNNISLLSAML
6qwt_A	rce_motif	C_seq	329	342	ILCYGDDVLYATVP
6qwt_A	rce_motif	D_seq	351	361	DFYHSQTNYKV
6qwt_A	rce_motif	E_seq	380	387	TFLKRHFV
2xhw_A	rce_motif	F1_seq	134	143	PIDTTIMAKS
2xhw_A	rce_motif	F2_seq	157	165	PARLIVFPD
2xhw_A	rce_motif	A_seq	216	229	MGFSYDTRCFDSTV
2xhw_A	rce_motif	B_seq	283	302	SGVLTTSCGNTLTCYLKATA
2xhw_A	rce_motif	C_seq	314	327	MLVNGDDLVVICES
2xhw_A	rce_motif	D_seq	341	351	TEAMTRYSAPP
2xhw_A	rce_motif	E_seq	365	372	TSCSSNVS
4nru_A	rce_motif	F1_seq	158	167	RPIYTAALKD
4nru_A	rce_motif	F2_seq	180	188	KKRLLWGSD
4nru_A	rce_motif	A_seq	237	250	YHMDADYTRWDSTQ
4nru_A	rce_motif	B_seq	300	319	SGCPCTTQLNSLAHWILTLC
4nru_A	rce_motif	C_seq	338	351	FSFYGDDEVVSTNL
4nru_A	rce_motif	D_seq	359	370	TMALRRYGLLPT
4nru_A	rce_motif	E_seq	389	396	SFLRRAIV
5i61_B	rce_motif	F1_seq	179	188	SGAAVLGWRG
5i61_B	rce_motif	F2_seq	199	207	KQRVVWMFP
5i61_B	rce_motif	A_seq	256	269	VVVCTDFSKFDQHF
5i61_B	rce_motif	B_seq	324	343	SGGTNADETLVHRVLQHEAA
5i61_B	rce_motif	C_seq	354	367	SQCLGDDGVLTYPG
5i61_B	rce_motif	D_seq	374	384	MQSYSRHGLDM
5i61_B	rce_motif	E_seq	397	404	TYLRRWHH
6v86_A	rce_motif	A_seq	658	671	SFLTTDLKKYCLQW
6v86_A	rce_motif	B_seq	740	759	EGLCQKAWTMISIAVIILSA
6v86_A	rce_motif	C_seq	768	781	SMVQGDNQAIAVTT
6v86_A	rce_motif	D_seq	808	818	KCNNFGLGHHL
6v86_A	rce_motif	E_seq	831	838	VYSKRIFY
4nz0_A	rce_motif	F1_seq	151	160	DIVYQTFLKD
4nz0_A	rce_motif	F2_seq	172	180	KTRIVDVPP
4nz0_A	rce_motif	A_seq	230	243	RVYDVDYSNFDSTH
4nz0_A	rce_motif	B_seq	293	312	SGCAATSMLNTIMNNIIIRA
4nz0_A	rce_motif	C_seq	328	341	VLSYGDDLLVATNY
4nz0_A	rce_motif	D_seq	349	359	RTSLAKTGYKI
4nz0_A	rce_motif	E_seq	378	385	VFLKRKFK
6nur_A	rce_motif	F1_seq	539	548	PTITQMNLKY
6nur_A	rce_motif	F2_seq	555	563	RARTVAGVS
6nur_A	rce_motif	A_seq	615	628	HLMGWDYPKCDRAM
6nur_A	rce_motif	B_seq	684	703	SGDATTAYANSVFNICQAVT
6nur_A	rce_motif	C_seq	757	770	MMILSDDAVVCYNS
6nur_A	rce_motif	D_seq	785	795	KAVLYYQNNVF
6nur_A	rce_motif	E_seq	813	820	EFCSQHTM
6ar3_D	rce_motif	F1_seq	59	68	PAPVRRVEIP
6ar3_D	rce_motif	F2_seq	73	81	GTRQLGIPT
6ar3_D	rce_motif	A_seq	133	146	YVVDMDLEKFFDRV
6ar3_D	rce_motif	B_seq	191	210	QGGPLSPLLANILLDDLDKE
6ar3_D	rce_motif	C_seq	218	231	FCRYADDCNIYVKS
6ar3_D	rce_motif	D_seq	244	254	RFLEKTLKLKV
6ar3_D	rce_motif	E_seq	268	275	AFLGFSFT
2r70_A	rce_motif	F1_seq	320	329	LSCGLLFPKA
2r70_A	rce_motif	F2_seq	340	348	KTRNIWSAP
2r70_A	rce_motif	A_seq	418	431	TWYSIDLEKGEANC
2r70_A	rce_motif	B_seq	491	510	SGNAATFINNHLLSTLVLDQ
2r70_A	rce_motif	C_seq	404	417	ALVYADNIYIVHSN
2r70_A	rce_motif	D_seq	419	429	WYSIDLEKGEA
7eei_A	rce_motif	F1_seq	697	706	CMHICLFKKQ
7eei_A	rce_motif	F2_seq	710	718	GLREIYVMG
7eei_A	rce_motif	A_seq	772	785	CATSDDARKWNQGH
7eei_A	rce_motif	B_seq	872	891	QGILHYTSSLLHTIHQEYIR
7eei_A	rce_motif	C_seq	914	927	MMQGSDDSSMLISF
7eei_A	rce_motif	D_seq	950	960	KELGVYLAIYP
7eei_A	rce_motif	E_seq	973	980	EYNSEFYF
2r7o_A	rce_motif	F1_seq	450	459	DKPIPLGRRD
2r7o_A	rce_motif	F2_seq	464	472	RTRIIFILP
2r7o_A	rce_motif	A_seq	521	534	MVLYTDVSQWDSSQ
2r7o_A	rce_motif	B_seq	597	616	SGEKQTKAANSIANLALIKT
2r7o_A	rce_motif	C_seq	632	645	IRVDGDDNYAVLQF
2r7o_A	rce_motif	D_seq	662	672	RETYARMNAKV
2r7o_A	rce_motif	E_seq	682	689	EIAKRYIA
1hhs_A	rce_motif	F1_seq	196	205	GGAYYVVYRA
1hhs_A	rce_motif	F2_seq	268	276	RRRTAMGGP
1hhs_A	rce_motif	A_seq	319	332	LCVATDVSDHDTFW
1hhs_A	rce_motif	B_seq	393	412	SGQGATDLMGTLLMSITYLV
1hhs_A	rce_motif	C_seq	448	461	QISKSDDAMLGWTK
1hhs_A	rce_motif	D_seq	479	489	KVNPSPYMKIS
1hhs_A	rce_motif	E_seq	495	502	AFLGDILL
6pzk_A	rce_motif	A_seq	731	744	CSIITDLSKFNQAF
6pzk_A	rce_motif	B_seq	814	833	EGWCQKLWTIEAISLLDLIS
6pzk_A	rce_motif	C_seq	842	855	ALINGDNQSIDISK
6pzk_A	rce_motif	D_seq	881	891	YKEYAGIGHKL
6pzk_A	rce_motif	E_seq	904	911	FMSKTIQH
4wrt_B	rce_motif	F1_seq	230	239	ALSLNTMTKD
4wrt_B	rce_motif	F2_seq	246	254	KRRAIATAG
4wrt_B	rce_motif	A_seq	309	322	MTVTGDNTKWNECL
4wrt_B	rce_motif	B_seq	419	438	MGMFNMLSTVLGVAALGIKN
4wrt_B	rce_motif	C_seq	448	461	GLQSSDDFALFVNA
4wrt_B	rce_motif	D_seq	475	485	YRTCKLLGINM
4wrt_B	rce_motif	E_seq	499	506	EFTSMFYR
3jb7_A	rce_motif	F1_seq	471	480	KAPIKLVERQ
3jb7_A	rce_motif	F2_seq	485	493	RQRAISGLD
3jb7_A	rce_motif	A_seq	542	555	LLSSIDVAGMDASV
3jb7_A	rce_motif	B_seq	639	658	SGRADTSTHHTVLLQGLVRG
3jb7_A	rce_motif	C_seq	675	688	IKILGDDIMEIFQG
3jb7_A	rce_motif	D_seq	701	711	ASILNESGFAT
3jb7_A	rce_motif	E_seq	721	728	VLLQQLVV
4gzk_A	rce_motif	F1_seq	240	249	AVIMGTNVRW
4gzk_A	rce_motif	F2_seq	295	303	RTRLVNAGP
4gzk_A	rce_motif	A_seq	344	357	HAFFGDVSSYDHSF
4gzk_A	rce_motif	B_seq	420	439	SGHAFTSLFAKVWKVIDTVS
4gzk_A	rce_motif	C_seq	464	477	CINNGDDEIVWFKS
4gzk_A	rce_motif	D_seq	491	501	QPQEQRMFKVG
4gzk_A	rce_motif	E_seq	507	514	VFSGSVYQ
6l42_A	rce_motif	F1_seq	930	939	CMRICLFKKN
6l42_A	rce_motif	F2_seq	942	950	GGLREIYVM
6l42_A	rce_motif	A_seq	1005	1018	INSSNDAKKWNQGH
6l42_A	rce_motif	B_seq	1105	1124	QGILHFTSSLLHSCVQSFYK
6l42_A	rce_motif	C_seq	1146	1159	VIEGSDDSAIMISI
6l42_A	rce_motif	D_seq	1182	1192	KFLNPLFGIYS
6l42_A	rce_motif	E_seq	1205	1212	EYNSEFHF
3vws_A	rce_motif	F2_seq	142	150	AMGAVFTEE
3vws_A	rce_motif	A_seq	263	276	AMYADDTAGWDTRI
3vws_A	rce_motif	B_seq	335	354	SGQVGTYGLNTFTNMEAQLV
3vws_A	rce_motif	C_seq	393	406	MAISGDDCVVKPID
3vws_A	rce_motif	D_seq	413	423	LLALNDMGKVR
3vws_A	rce_motif	E_seq	442	449	PFCSHHFH
1n1h_A	rce_motif	F1_seq	510	519	LADTSMGLRN
1n1h_A	rce_motif	F2_seq	524	532	RPRSIMPLN
1n1h_A	rce_motif	A_seq	580	593	QSINIDISACDASI
1n1h_A	rce_motif	B_seq	682	701	SGSTATSTEHTANNSTMMET
1n1h_A	rce_motif	C_seq	729	742	YVCQGDDGLMIIDG
1n1h_A	rce_motif	D_seq	761	771	SKYGEEFGWKY
1n1h_A	rce_motif	E_seq	780	787	EYLKLYFI
6po2_A	rce_motif	A_seq	590	603	FTIAIDYSEYDTHL
6po2_A	rce_motif	B_seq	722	741	SGENSTLIANSMHNMAIGTL
6po2_A	rce_motif	C_seq	759	772	EQYVGDDTLFYTKL
6po2_A	rce_motif	D_seq	788	798	FDTVAKCGHEA
6po2_A	rce_motif	E_seq	811	818	EKTQTHAK
6f5p_B	rce_motif	A_seq	302	315	VNITGDNSKWNECQ
6f5p_B	rce_motif	B_seq	410	429	MGMFNMLSTVLGVSTLCYMD
6f5p_B	rce_motif	C_seq	441	454	GLQSSDDFVLFAVA
6f5p_B	rce_motif	D_seq	468	478	NAVCKLIGINM
6f5p_B	rce_motif	E_seq	492	499	EFTSMFFD
1khv_A	rce_motif	F1_seq	165	174	HHIYACGLKD
1khv_A	rce_motif	F2_seq	186	194	KKRLLWGCD
1khv_A	rce_motif	A_seq	245	258	DFLCLDYSKWDSTM
1khv_A	rce_motif	B_seq	308	327	SGMPFTSVINSICHWLLWSA
1khv_A	rce_motif	C_seq	349	362	FYTYGDDGVYAMTP
1khv_A	rce_motif	D_seq	372	382	IENLRDYGLSP
1khv_A	rce_motif	E_seq	400	407	SFLKRTFE
6ueb_A	rce_motif	F1_seq	535	544	DLIIGLKPKE
6ueb_A	rce_motif	F2_seq	550	558	EGRFFALMS
6ueb_A	rce_motif	A_seq	613	626	YAFHLDYEKWNNHQ
6ueb_A	rce_motif	B_seq	696	715	EGLRQKGWSLVSLLMIDRES
6ueb_A	rce_motif	C_seq	724	737	ILAQGDNQVLCPTY
6ueb_A	rce_motif	D_seq	767	777	EEGASKLGLII
6ueb_A	rce_motif	E_seq	790	797	IYGKTPLF
3du5_A	rce_motif	F1_seq	179	188	KPRGVLNIIP
3du5_A	rce_motif	F2_seq	191	199	DNFRAIVSI
3du5_A	rce_motif	A_seq	246	259	YGIKVDIRDAYGNV
3du5_A	rce_motif	B_seq	308	327	QGDPLSGCLCELYMAFMDRL
3du5_A	rce_motif	C_seq	338	351	IHRTVDDYFFCSPH
3du5_A	rce_motif	D_seq	359	369	ELLIKGVYQVN
3du5_A	rce_motif	E_seq	388	395	PYCGKIFN
6kld_A	rce_motif	F1_seq	1114	1123	NLKFGLSYKE
6kld_A	rce_motif	F2_seq	1127	1135	SNRELYVGD
6kld_A	rce_motif	A_seq	1183	1196	LSCSYDHSKWGPTM
6kld_A	rce_motif	B_seq	1292	1311	QGILHNTSDLYGLITEQFLC
6kld_A	rce_motif	C_seq	1324	1337	SYTSSDDQITLIKT
6kld_A	rce_motif	D_seq	1359	1369	EFLSSKLNKFV
6kld_A	rce_motif	E_seq	1381	1388	EFKSRFFV
2ajq_A	rce_motif	A_seq	470	483	VQAGIDASGLELRC
2ajq_A	rce_motif	B_seq	617	636	AGALICKLWIIKTEEMLVEK
2ajq_A	rce_motif	C_seq	649	662	MAWVHDEIQVGCRT
2ajq_A	rce_motif	D_seq	666	676	AQVVIETAQEA
2ajq_A	rce_motif	E_seq	694	701	GKMGPNWA
2gv9_A	rce_motif	A_seq	670	683	PVVVFDFASLYPSI
2gv9_A	rce_motif	B_seq	798	817	IGREMLLATREYVHARWAAF
2gv9_A	rce_motif	C_seq	841	854	IYGDTDSIFVLCRG
2gv9_A	rce_motif	D_seq	865	875	DKMASHISRAL
2gv9_A	rce_motif	E_seq	895	902	AKKKYIGV
4xha_A	rce_motif	F1_seq	289	298	LFLAECKNKT
4xha_A	rce_motif	F2_seq	309	317	KTRPYFSHP
4xha_A	rce_motif	A_seq	395	408	YRICPDFKQMDGSV
4xha_A	rce_motif	B_seq	469	488	TGVVGTTLFDTVKSALAYND
4xha_A	rce_motif	C_seq	377	390	IACYGDDTDIYYRK
4xha_A	rce_motif	D_seq	397	407	ICPDFKQMDGS
